chr15,GGAGCCACCCCCACCCCCGCACCTGACTTCACACACATACCTGCCTTCAGCGCCTGCCCCAGAGCTCCCAAGCCCCTGCCCGCCACATCTGCAGTGCCGCA
chr17,GAAACATGAAGCCCTCAACCATCTGCTACTCAGTTATTCGGGGCTGACGGCGGCTTCTAGAACATCCAGGTGTTCTGCAGATGCGAGAACTCATCCTGTAG
chr12,CGTATTATTTGAGAGAAAGTCTCGAACGCTGCTGGCTAAGGGGAAAAGTGCGATAACTTGTGATGATTCAGGGAATGACTAGACAGGATGGGAAAATACCC
chr7,GACGTGAGCCACCGCGCCCGGCCATGTTTCCTTTTAGCAATGGAGCATAACGGGATCTGAGGAACAATATAACTCAGGAAGAGCTGATGGAACATTAAGAC
chr9,AGCTAAGCTTCCACTCTTAAGTATCAATTAAGCTTCTCTGTTCAGTCCAGCGTTTAGGGCGCCTACTGCGCGCCCCGCCCCACACACTTTTGACAAAAAGG
chr7,GGTGAGCACACACGCCCTCCCTGTCTCTCGCCTTCGCTTCCCTGCATCTGCGCTGATTGGTAAGTGCTTCAGATTTTTACTCCAAGAACTTTTGTGGTGAG
chr7,AGGTCTCTGGCACCCATTTATTTATCAGTTTCCTTCTCTGAGGCTCATTTCGCCAGCTCCTCTGGGGGTGACAGGCAAGTGAGACGTGCTCAGAGCTCCGA
chr19,AGAATACAAGTTCGCAGAGGTCAAAGCAGTGGACACACTCCGAAGAGCTCCGTGGAGTTTTGGAAACTACATTATCCAGAGTGCAGAGCGCAAAACGGCGG
chr10,ATACTGTGGAAATTAGTAAACAGTCACAAACAAGTGATTCATATTCAGGGCGCAGCCTTTTTGACAGGAAAACAGTAATCAAGAGTTTGGGATTTGAAGAT
chr9,TTCCCCTCATCCTTTTGCCTGCTCCCGGCGAGGGGTGGCTTTGATTTCGGCGATGAGCTCCCAGAAAGGCAACGTGGCTCGTTCCAGACCTCAGAAGCACC
chr2,CCCGTTTGCAGGGCAGGGACCCGGGTGCTGCCCCACCCTCAGCGTTCCAGCGGAGAAACTGAAGTCCGAACCTGAACCTCGGGAATCTGTCTGCACCTGTC
chr19,GAAGGCAGGATGCGGTGCGGGAGTTAATGGACCTGGCCTTGGCGAAGGCGCGTCCTGGGTTGGATCGAAACCCTCTCATCCGCCCTGTGGCCGGAGGGACC
chr2,GAGTGGGGACAGGGGGGCCTTCAGCTGGGCCCCAGGGAACCGCCCCGTGGCGCTCTCGGCCTCGCTCTCACTCACGGTGCTACAGGTGGTAAGCAAATTGA
chr6,GACCTACATCTCAGGGACGCAGTAGGATGTTCATTGATAAACAAATAAAGCGGCTCGAAGAAATATTGTGCAGAGACATGATTGAGGTGTACAATCATTAG
chr16,AGCCGAGCGAGGGCGCGGTGGCCTCTGACAGGAATGACTCTGCGCACGTGCGTTTCGCAGCAGTGGAAGTCTTCACACCCGGAAACTCGACTTTGGCCGTT
chr9,GTCAGTGAAGCTCTACGGTATGTGGGGGCCAGCCTCTGTGACCAGGCAGGCGCTCAAGCTCTGCACACTCACTGGGCCACCCCGAGGGGCTGGGTGAGCCC
chr12,GCCTGTCCCCGTGTGATCCGAAAAGTGCTGGCAAAATGCGGCTGCTGCTTCGCCCGGGGGGGACGTGGTGAGTGCCAGGTCGAGAGGGTCCAGTGTTGAGT
chr8,AATAAACAAAAGCTGCTCCAAGCATTCTCTCGGCCTTTCTGAACTTTCTACGCTTTGGGTTTTTGTTTTTTCCTCCCGTCTCAGAGGTTAAAAACTTCGAT
chr19,TCTCCACCGACCGAAGGAGGAGAATGCTATTTATTTCAGCACCAAATATCCGGACAGCGCCTCTCGGGAGGTCCGAGAAGAGAACCGCGATCTGTTTCAGC
chr19,CACCTCTGGAATTCCACCTCCCTTGTTGCGCCCATCGCTATGGTGACGGGCGCTCTCAGTACACTGTCTCTACAGGCCAGGAAAGAGTTGTGTGTCTTTGG
chr17,TTGGGAGCACCTACTCTGCATGAAGCACTGTGCTCCATGCCTGTGCACAGCGTGACTCTGTCATTGGTGATGGGTCCTGCTTGCTGAGCCTCCACTGTGCA
chr9,GCATTATGGCCGTAGATCTGGGTGCTGAGGACTGAGCCACCCCCAGACTGCGACATGGGCGGCGGTGCCTCCTTCCCCAAGCCCCAGGGAGTGTTTTTTTG
chr4,GCCTAACAATGAAGCGCAGCCATAACAGTCCTGAGCCACTGGCATGTTTGCGGGCCCTTTATTGCCTTGGGAATAAACTGCTGTGGCATTGTATCGTATAT
chr2,GTGAGATTCTTCCGCCAAGTGGAAGGCTCATCTTCGGTCGACAGCCTACGCGGTTGAAGAACAATCCAGTAGGCACTTATAGCTCAGGGTCTCGCCATTCA
chr4,TAAGAAGTACTGAAATTTTAGTTACAAGTTTCATACAGGTAAACCCAAGGCGCTACAAATGAAGAATTAAAGGAATGAAAGGCGAAAGAATAAAGGGGCCA
chr21,TGTTAGTCTCCTGGAAGCAGCTCGCCCAGGCAGGAGCTGCTAACCAGACGCGCATTGTGAAGGAGACCGTGGAAAATCAAAAGTGGGTTCCTGCAAAAATG
chr6,GCCCGCCTTCAGGGTCTGGGGCCTTCCAGGTTGGGTCGTAGGGGCGGGAGCGCACAGGCTGCGAGAGAGGAGCAAAGGTTGGTGGAGGGAGAAGAGCAGTC
chr17,GAAGAATGGGCAGGGAAGATGTGGGTCTAAAGGCAGAAAGACTTAATGTGCGGTTTCGGGCTTTACTGTGCATACATACTAACTGTGAAAGGTTTTCACTT
chr14,ACGCAGATGGCGGGGTGGCCTGGGGAGGTCTTCGGGTCCCTTCCTGGGAACGCAGGGCCAAGTTGTGCTCCGATTCCACGCCCCCCCCACCCACGTCGGGC
chr17,CTACCGCTCTGCTCGCAGGTTTGGGCTAGTCTGGGGCGGGGACTTGGGAGCGCCTAAAACTTGCGAGGAGGGCGGGGCCGCAGACCGGTCCTTTAAAGGTT
chr7,CCTCTCCCGGCCTGCGCCTGCGCGCTGGGGCCTTCGGCTGAAGGGGTGTGCGCTAGCGGAGCTCCGGGAAATGAATGAATGAATGAATGAATGAAATGCTG
chr10,AGGAGCTCCTTGAGGCGAGGCACAGTGTCTTCTGTGTCCCTGGAGCCAAGCGCATGGCTCAGCCCAGGTCACGTGTCCAGTGAATGGGTGGCATCTGAGCC
chr7,AAGGGGCATTGGTGGCGCTTGGCAGCAGGTGTGACAGACCTCCTCCGGGGCGCCTGATCCGCGGCGGGGGCGGGGCCTGCCCCTAGGGCCCCTCCAGAGAA
chr13,ACAGAGGTCTCAGGAAAGTAGCCTTTATTTATGTGGCACCGATCGGAACCCGCGGCCGGCCAGGCGGACCTGGACGGAGCGTCCCTGCTCGGAACCTGGCG
chr19,TGTGCCTCTTATTTTACTCTAATGCAATGAATAAAGACAGTCCCAGCCTTCGCCCTAAGGGAGCAGGAGCACCTGCGATGCCCCGTTCCCAAGTCCTCAGG
chr19,GGCACCCCCGACCTGGGCTTGGCCCTCTGCTTGGGGCGGAGCTTCCAGGACGTGCTGGGACCTAGGTCTGACCCCGCCCAAGGCAGAGTTGAACCCACTGT
chr8,CGCTCAATTAAAGCTGCCGAATGAAAGTGTTCAGAAACTTGCACCCATCTCGCCTGGGTTTCACCTCCCTTTTCCTGTAGGGGGAAAACCGATCCTGAACC
chr1,TGGCCAAGGGCGAGGCGTCGGAGAAGATCATCATCAACGTGGGCGGCACGCGACATGAGACCTACCGCAGCACCCTGCGCACCCTACCGGGAACCCGCCTC
chr8,TTTCTTTTGCAAATTCAGAGTCTGGGTCTGGATATTGATAGCCGTCCTACCGCTGAAGTCTGTGCCACACACACAATTTCACCAGGACCCAAAGGTGAGGA
chr19,GTAAAGAGCTGATCATGGTTCTCACTCCTTGAATACCAGGAACACCATCTCGTATCACATAATGAGACAGGGAGACATTCTGGTCCTCATCTCACAGATGA
chr4,AGCAGATCATTACCCAAGTATTTTTATAATTCCTTGTCCTATGCTTCCACCGGTACACTGCAAATTCCACCCAACCATGATTAAGGGAAAAGAAACAAAGA
chr15,TCTGCTTAACTGCTCTGGCATGCTTGAAGGCCTAGCTTAGCGTAGCAGGCCGTTGCAGCCGTTCTCGCTCTGTGGCATTGCTCTTTGCCTTCTTGGTCCAG
chr17,CACCCACCAGGGAGGTGGGTCTTATTCTGGGCATCGTGCCAAGTTCTTAGCGGGGCCCTCTAGAATCTCTAAAGCAAATCAGGCTGAAGAGGGGAAAACCA
chr16,CCGCGGGGGAGACTTCCCAGCGTCAGCTCCGACCTCCTCTTTCTCTACCACGATCCCGGCCAGCATCCCCGCCCAGCAGCGGCTCAGCCACAAACCCAAGG
chr12,TTAATGGCCTCTGGCAGTCTAATTAATGGCAGTCTGGACCTCCCCTGGATCGTGGGGCCCCTCTGAGACGTCCCCGATCCCCAGCTTAAATTTATCCAGGA
chr6,TCAAGAAATACGGTGAAGGAGTCCTTCCCAAAGTTGTCTAGGTCCTTCCGCGCCGGTGCCTGGTCTTCGTCGTCAACACCATGGACAGCTCCCGGGAACCG
chr17,CAGCGGGCGAACGGGCGTCCGGGGACAGGGTGGGGGCGGCGGGGAGGAGGCGTCGGAGACTCTGAACCCCAGAAAAGTTCAAGGTTTGTGCAGGTTCCCCC
chr14,TTGGTGAGTTGCTTTGCTTTGCTCGTTGCCCCGATCTTCTGTGTATTCTGCGCAGACCCCGCAAGTGCTCCTGCACTCCCTCCCAGCCCTCTGCTGGGGCT
chr16,GAGAGGAACCCCTCGCCCCAGCCGGGCTCCACCCTAGCTCACCCATCCCGCGGCCTACACTGAGGCTCTCAATTTGGGTGGCACTTATGGGGCATGTGTCC
chr19,TAGAGAATAAAATGAGAATAGATTTTAAAAGGTCTTTGAACAGTCAAAAGCGAACAGGATACCTAAGAGGTTATTTTTAGTCATTGTCAGCAGAAGCTGGA
chr15,GTGGAGACTGGGCCGAGCAGGGGATAGAGATGAACTCCAGAAAGGAACAGCGACTTGCTGAAAGTCACAGGGCAAAATGTGGCGCGTCTGTAGTCAATAAA
chr9,CTTTCTCCCAAATAGCAGAGAACTCAAATGAAGAGTCATTTCATTCCCAGCGGTTTGGGCAGCTCATGGGATGACAGGCAACTTTTTCCTTTTTTTAAAAA
chr19,AGGGGAGGAGCTGGTCATGGACGAGGAGGCCTATGTGCTCTACCACCGAGCGCAGACTGGTAGGGCTGAGTCCGGACTCCAGGGTCCTGAGGTGGCTGATC
chr1,AGACCTGAGGGAGCCAGCTGTGAGGCTGGAGCAGTTGCTGCATGGCGGGGCGGGGGCTCCACAGGGCTGTTCACCTGCTGCTCTGTGCAGAGACAGCCTCA
chr19,CACTGTGAGAGCCCGCAGAAAGCTCCTAACCCATCTGGGATGAGACCTAGCGCTTCCAGGACGAGCCGATGTTGAGCTGAGACCTCGAAGGACAGGTTAGT
chr16,TCAGGGCGCTGACGACGACGGCAGTCGTAGGAAGCCCCGCCTGGCTGCATCGTTGCAGATCAGCCCCCAGCCCCGCCCCTGGCGACCGCTACCCGCCCAGG
chr2,AAGTTACCTGCGTGCGTGCTGGGGCTGGCATCTGCCTGGTTCGCATTTGGCGGTAAATATCACCGTCTGCACACGGGGAGGCCTCCGATTTCCCCATTGTT
chr8,TGGGAAAATGGCCCTGAGCCCGACTGGCTTGAGGCTTAGACAGGTGACCCCGCGAAGCGGGTGGGCAGGCGCGGCCGAGGGGCGGGAGGCGGGCAGCCTCC
chr17,AATTTGGGATCAGGGTGATCAAAGACAGGAGGCTTCTGGGGATGGGTGTGCGGGCTGTTTCCAGATACCGGGAGACCCAGAATCTGGTCTGTGGAAGCCCA
chr2,CTGTTCAGTCACCAGGGCCTGATGGCCGCTCATGCTCAATATAGACTTGGCGCGGAGCGGAGTGGAGGAAGGAAAGAGGGCAGGTGCTAGTTGGCTGGCCT
chr15,CCCCCCTTTTTAGCATATTTGATCACTTTGATTCTCTGTTCTTTTCTCTCCGCGGTGTGTGTGTGCGTGCGCGCGTGTGTGTTTTCTTCTTCTCCTCCTCC
chr1,GGGGCTCCAGTAGCTGGCGCGGGCTGGGGTGGGCTGGGCTGGCCTGGGACCGCCTCGATGGGACAGGCTCGGGTTTCCCTGGCGCTGTTTCTCCCTCCTGC
chr7,CTCCGCGGAAGCGCCCCTTGCTGGGTAGAAGAGTGGGTCTCCCGCCGCGGCGCACCTGTCTCGGCTGCCGGCTCCCCGCACCTACCTGTACGAGACCTGCT
chr5,CCAAACACAGCCAGAGGGCGCCAAAATGCCGCAAATAAAAGTTCCAAAGGCGTCAACTGGCTTTTGCGGGAAGGTAAAATTGGCTTTTGTGTAATCAAAGA
chr11,AAGCCGGAGCCCGTGAGCGTGTCTGTGCTGTGGCCGTTCTCTCCGATGAGCGTCATGTTGGAGCCCTGCTGACAACTGTCCCGACACTGGCCCTTGAGACA
chr10,ATCAGAAGGACGAACTGATCCAGAAGCTGCAGAACGAGCTGGACAAGTACCGCTCGGTGATCCGACCAGCCACCCAGCAGGCGCAGAAGCAGAGCGCGAGC
chr1,CAGAAGCCGCAACCGCTTCAGCAGCTTCTGTTCCTTGGAGCCAAAGCTGGCGTTACCCATCGTTGGGATTCGGAGGGGAGATACGTGCACAAGTTCTCCCA
chr9,CCCGGCTGAGGCCCTGGTGCTCAAGACCGGGCTGAAGGCGCCGGGACTGGCGCTGGCCGAGGTTATCACCTCCGACATCCTGCACAGCTTCCTGTACGGCC
chr12,GGGGACGAGGCGTAGGGCTGGGATCCGGCTCCCAGGTGTGCCGAAGCTGGCGCGCGCTCTTCCGCCGCGCGGAAAGTGCCGCGGCAAACTCGCGGTGCGGA
chr17,AGCCTCACACCACCAGCCCATTTATCTGGAGGACCCCTAGTCTGAGACAGCGCCAAGAATCCTGAATAAGCCATAGGATGGCAGAGGCCCATTGCCAGGTG
chr4,CAGCGAGTGCAGATTGCTCCCCCGCGGCCGCAGATCTCCCGTTTGCGCCGCGTTCAGCTGCTCCCGAACAACTTTTCTGCCGGCCCAGAGGCCCCAGGGCG
chr12,ACAATCCCTTCCAGGTTCTCAGACTTTAATCTCGAGTTTTCCTGCCCATGCGCCAGGTTGAACAGTTGCTGGTGGGTTAAAGAGAATCCCCCAGCCTGTTG
chr1,TGTTTTTAAAATCCATCCGAAAGGGCCAATCAGACGCGGCAGTCTGAGTGCGCAGGCGCGGATTGGTCCGCAGCTACTTAGAGTGACCAATAGGCGTGGAG
chr12,ATAACTCAGTGCCCTCTTGCAGACTTGCATAGAAATAATTACTGGGTTGTCGTGGAGGGGACACGAGACAGAGGGAGTTCTCCGTAATGTGCCTTGCGGAG
chr2,TTGGCAGTTCCCCTTCTGCTGTTCTTGTTGCTGCTTGGTGCTGTGTGAAGCGCACCAGGGCAGAGCCCGCTGGGGGCTCACAAGTGGGAGCGGTAATTGCG
chr11,GGAGGAAGTGGAATGCTGGCTTTTCAGGTGTCGCTTGGCCAAATCTAAAGCGTGGCAACTTCAGGAATTTCAGGTTGTCCCCATTGTCAGATTCCAGGCAC
chr18,CGCTAGAATCCGTCCAGTCTCTGCTCGCGCACCGTGACTTCTAAGGGGCGCGGATTTCAGCCGAGCTGTTTTCGCCTCTCAGTTGCAGCAGAGAAGCCCCT
chr2,CTCCCCTAGTCTTCGGGTCCCTTGAACGCAGGTCGCTTGTTTGCCTTACGCGTAGTCAGCGGCCAGTGGCTATTTATGGCAGTAAGGAATATTATCCACAT
chr16,CCAGGGCGCAGGGCGCACGGAATTCGGGTGACTTTGCTCCAAGATACACGCGTGTGTCCCGACTCTCACTCAATTTATAGGGGAGAGGGACTCGCCAAATC
chr22,GGAACTCACCGTCCTTGTCTCCGTCGGGGGCCTCTGCGGAGGACGCGCCGCGAAGCCGCCGCTGTCGCCGCCTCCAGCTCACCAGACCCACCAGGACCAGC
chr2,CACCCTTCCCTGCCGGCCCGCCCCTGCCCTCCCCCTCTTACCGCGCACCCCGCTGAGTCTGCTCTGCCTTGACCTGCGACAGTGCCCAGTGACCCAATAAC
chr22,GGAGCACCAGTACAGGTCGGTGACGGCGATGAGGTACAGGTCCAGCAGGCCGCCCTGCGCCAGCAGCAGCACCACGGACAGCGCCTGGTAGCCCCAGCGGC
chr19,CGCGTCCCAAGGGTTTCTGGAAGTTGTAACCTGTGCTCCGAGTGCGTAGGCGCAGGAACCCTTCGGGGGAATCCCTTTAGCAGGGAGCGTATATTGAAGAG
chr19,GGTTCAACGAATATCTATTAAGTATCCACTCTATACCAGACACTGCTTTACGCTCCAGGGATAGAGCAGGGAACAAAACAGACAAAACCAGTCCCACGCAG
chr19,GCAAGGCTCCGGGCCAGCATGGGGGCTTCGTGGTGACTGTCAAGCAAGAGCGCGGCGAGGGTCCACGCGCGGGCGAGAAGGGGTCCCACGAGGAGGAGGTG
chr2,GATCCACCGACCTGGGCCTCCCAAAATGTTAGGATTACTGGCATGAACCACGGCGCCCAGCCCATCCGACTTTTGTAACACTCAGAATTGTAGTTTTGTTT
chr11,GGACCAAGCACAGGTCAGCCCCCTCCCCTTGGCGTCGGGTCCTACTCGAGCGCCCCGCCCCACATCCACCAAGAGAGGCTGAGCTCAGCAGAGTCGTCCCC
chr1,CTCACCGGCTCCCCTGCTCCTGCTCAACAGGCCCTGGTGGCTGCAGATGTCGTGCCCCCCAGTTGGTTCCATGGTGAACACACTCCAGTAGCGGATTACTT
chr21,TTGCTACTTTCTCGGTAGCCGTTTCTGTTGTCCCTGGATTGGGGGCTCGGCGTTCGCTGTCCCTGGGCACCAACCCTTTTAAAGACAGTAACGTTGTAGGA
chr14,ACCCTGTGAGAACCGGAACTGCGAAAACCGGAGAAGGGAATTGTTGACCGCGAAAGGGACTAAGGAAATTGGGATTCCAGTTCGACCCCTAAATTCACACC
chr15,TGAGTGGAGTGTTTTGCAGTCTCAAAGCCTTATCGCTGGCGTGCGCATACCGCAGGGAGTGACATCAGATCGAAACTACAGGGTTTCGCCGGGGACCAACC
chr21,AATAATGAATCCATTCTTCCTTCGGTCGTGGGTCTGGCAGGCATAAATTCCGGCCGGGATTCCGACCCCAGGGCCAGAGCAGGACTCGCCTTGGCGTCTAT
chr19,GACCCCCCCCCAACACACCAGCCCCGAAAACCGTCTGCCGTCCCCTATAGCGCTGCATGGAAAAGAACCAAGACAAGGACTTGGAGTGGAGAAGACAGAAA
chr7,GCAAGGGCTGTGTCTTTGGGTACTTCGCTCCTCGCAGTCACAAGTACTGGCGTGCGTACGCGGGGAGAGATCGCTCCTCAAAACGGGGTCCTGAACGCTGC
chr6,TGAGGACTGGATCCTCAAGATGGTGGAGATTATGCAAATGTAGGAAAGTACGATACAAAGGAAAGGAGTCCAACCAATGAAGACCCCAGTGGATAGCAGTG
chr19,GTTTGGGAGATGCCACAAGAACCTTGCCATTGGGGGGCCCCTTTGGGGGACGACATAGATATTGCTTTGGGGCCCTGGCTGGGTGATGGATGACACAGAGC
chr2,GAAACGCAGTGTGCTAAAAAAGTGCATGCAGCCCAGGCTGTGGCCTAGGCCGTCGGTTCCCGGCCATGCCTAGCTCCTCTGAGGTCGCCCTTAGTGAGGAC
chr2,GGAGTTTCACACGATGTCTTTTTATTTCGCAGTTGAGTCCCAGTTTCTGCCGCTTTATCTTTCCCGCCTCCCGGCAGGCAGGCCGTTAACCGTCTTCCGGA
chr8,GCCGAGAGAGGCAGGCAACAAGGGCACGGCTGGAGGCCGGAAGGTCACCCCGTCCCCGGCGGGGCGGGCGCGGCCCAGCCTCACTTCCCGGGCACGTTCGG
chr8,CTTAGGGCCAGGGGTGCAAATCCCTCGGTAAAAGCCGGCAAACTAAAAGTCGCACACATCCCAGGTCCCGGTCCAGGCCCCGGCGGGGCAGGGTCCCCGAA
chr17,AGGCTGGAGCAGGCTTTGTGGACCCCAGCGGCCTGGTGGTGAGCAGTACCCGCCTTCCACTTCCTAAATCGGGATGCAGAGATTCTAGTGGACAGGCCTTG
chr18,ATAGAAAGGCTCTCAGAGATCCGAGCCTCACCGCGAACACCCGGGGCAAACGACATTGCGGTGCATGTTAAGCAGCATCTTGCAGTGCCTGGCCCTTACTC
chr1,CAGGTCGGCTCATGAACCCGCTGCAGGCCGGCGGAGGCCCGCTTCAGCAGCGGCTGCGTGCCACCCCACAGAGCGGCCACCAGCACCAGAGCCAACACCTG
chr19,CATAGCTGCTATGGGGCTGAGATCCAGGAATCTGTGTCGGGACTGCGGGGCGCTGGGTTACATCAGAGGCCAGGACTGGCACCTGGCGCCTTTCACTTCCC
chr6,CCCCGCCGCCAGCCGCTGCTCGGAGGGAGCGAGCGAGAAAGGGGAGCCGGCGCAGCTCGCTGCCCTGTTCCAGAACTCAGAATTTGAGAGGCGAGAGTTCG
chr7,TGAAAACTCTGCTATGGCTGAGTTACCCAGAGGAATCTTAGTCCTGCTAGCGCTGCGATGCCCATTGCCCAGTGTGTCAGTCCTCATTCTGGGGCGCCAAA
chr14,TTAATTTAATTAAAGAATTTATCCCCCAAATAGGAAAGAAAGCAGCGGAGCGGCTAAAGCGTCATTTGATTTTTCTGTCGATGACTTGAGTTGCCTTTGAA
chr19,GCATCAAATCCTCAATAGAGGCTGGATCCTGGAAGTCCGGCCTCGGGGGGCGTTGCCAGGAAGGCTAGAGACCTGGAAGTTTGTCCCCAGCCCCTCCTCCC
chr3,TCCGGGCAGCCTGGGGAGCGGCCTTTAATCCTGGTCCCTTCTCCGGGATACGTCGTCCCCCAGGTGTCTCAGACCACCAAAACTCAGGTTCCTGGGTAGAC
chr6,GGCAACAGGTGTCACTTGAATGAATGTCCCAGAGGAAGCTGGGTGTCTCCCGCCCTGGCTCCTTTCCTTGACCTCCCTGCCCCTTCTTGGCCCAGGTGTCC
chr8,CAGGGTGGGCACGGCGGCCATGGAGTCGATGTAGGCGCTGAAGTCGATGGCGCTCTCGTCGTCGTACATGGCGGGGGCGGCGGCGCCTGGCTCGCCTAGGG
chr5,GCGATGTATTCAGCGCCCTCCGCCTGCACTTGCCTGTAAGCGCCCGCGCGCGGGGCTGCCCACCTTGCCTGGCTGTCTGTCCGTATGCCTGTGCCCTGTAC
chr11,TTAACTCTTCAAGGGCAGAATTATGGGCACCGAGCCTCTAAAATGTTGAACGAATGACTGAATATCATCAAGAGGCAGTACTAAAAGATGATGAAAGAATG
chr12,GAGAAGGTGGCGTCGCGCGTGTCGGAGGGAACGGCAGAACGCACGCTTGGCGTATTATAGTGGGAAAGGGCACAGCCTCAACTCAGCACCCGCAACTCACT
chr11,GTGGCTGCTGCTGTTCAGGATGTCCCGGGTGGGAACTTGGAGGCGTCCCCCGCAGCCTCTACCCAGGCCTGCCAGGCTCCAAAATACTGGCAAACATGTGA
chr2,AGTTCTTAACCTTTTCTGCGCCGTGGGCCCCTTGGCAAGCAAGTGAAGTTCGTGGACTCCTACAATAATGCTATAAATGCATAGAAGAAAAGACACAGGAC
chr22,CTCCCGCTTCCCCGCCTCGCGACTTGAGCCCCGCCCGTACCTGCTTAGGGCGCTGCCCTCGCCCGCTTGCTCCGGATCCCAGCCCAGGTACCCGGCCTCGC
chr7,CGGAGACTCTTATACCGCGGGAGACTAACCTGTGAGCAACAGAAGCACCACGCTACAAAGAGCATGACGAGTTCTTCCAGGCTTGGGAAAGCACGGGTAAA
chr16,ACTCAGCCAAGTGTAAAAGCCCTTTCTGATCCCAGGTCTTAGTGAGCCACCGGCGGGGCTGGGATTCGAACCCAGTGGAATCAGAACCGTGCAGGTCCCAT
chr20,AGGGCGGCTCTGGCCAGTTTGGAGCCTGGGGTGACCCTTGGAGCTGACCTCGCTGGTCCCTGTCGGAGCCCTGCGCGCTGCGGAGCTTGGCGGTTCGCAGC
chr4,CTTCCACTTGTCTTCAGGAGCTGAAACACATGGCATTTGAAAAAAACTGGCGAACAGAGGAAACTCTTGCAGCCTCGCAGCCGCCCTGGTCCAGTGCCAAC
chr4,CGCCCGCGCCGGCCCTGGAGTCGCCGGTGTCGCCGCCCTGCCCGCGGGCCCGCCCTCCTGGCCCAGCCCAGGGCCCTGCGAGCTATTTTGAAAGTGACCCT
chr6,CCTGGCGACGGGGCTGCAAACGCTTCGTAGACCTCAGAACAGCGCAACGGCGGACCGGCGGACCGGCACGAAACATAGCAGCCCCACCACAAACATTTCCC
chr10,TGCCTTTTAACCTCCATTTGCTGTTGAGATGCTCAGTTCAACCTGCTGTGCGGGATAGACATCGATGTCTCCCTGAGAAGCACATATAGGCTCTCTGAGGT
chr22,TCCTGTCTGCCCTCCCCGCCCCCACAGAAATAGAGATGAGAAGGGGCAGGCGAAGAACTAGGAGTGTCTGCGAGACCATCCCAGGACCCTGAGCCCCCCAA
chr12,GAGTGGAGACTGGCCGCAGGTCAGGAGAGCTCACCACTTGAAGGTGAAGTCGCCCTGCTCGGATTCCATCTGCAGATTTTGTTTCTCCCCCAAATCAGCCA
chr1,AAGGCAGCTCCAAGTTGTGGATTTCCTGGGGGCTCTTCATTTAAAGCGGCCGCACCACTTTCCACAATTCTGTTTTTTCAGAGAATGCTCTCAAGGCCTGG
chr3,TCGCTCTCTGCCCAGCCCCGGGCTCCTTTTCTCCACACGTGGCTGTCAAGCGCCTTCTGTATGCCCCACACTCCTGGGAGCTTGGGCTACATCGATGAACA
chr3,CGCCGCCGCGGGCACTGCGCCCGTTTGCCTGCCCCTCGTCGGGGATCGGGCGCTCCCTCTGAGACCTGAAAGGGCACCCAAGTGCCCCCTGTCTGCGAAGT
chr22,GCAGCGAGGCTGGAGGGTGGGCTTTTTTTTTTTTTTTTCCTTTTTGCGCGCGTATGTATGTGTGTGCGCGCAAAGTATCTCTATCTAGGGAATGAAAAATG
chr2,GAGACCTGCGAGAGGCAGGCTGGGAAGCGGCGCCATATTGGCGTCGGCCGCGCTGTATTGTCATAAATAGAGCCGGTTTTGTGGTGTTTTCACTACTCGGT
chr15,ATATTTAACTTGAGAGGTGCAGTCCTCCTCTACATTGAGGGCAGGCTCAGCGAAGGAGGGCCCAAGACATAAAACTAACCAATGGCAGGAAAGCCCCCATG
chr10,TCAGTAAATCCTGTTATCCAGACATTTCTCAGCACTAATTCTGAGACCATCGTAGTCCACACCTCTATCATCTCTTGCCTGGACTACTATTTAATGTAACA
chr17,AGGAGCACGCGGGACCCGGGCCGCAAGTCCCGTCCCATCTCGGGGCTCCGCGGACTCTGCGGGGATGGAGCCACCTCGCTCTGACTCCCAGACATGCTCCG
chr1,CTTTGGGCATCCAGGGAGAGCTTTCTTGTTAGAGCCCACACACAATCGGGCGCATCAAGTGGGTAAGTCCCCCTCCCCCGCCGCCACCTTCTGAAACAAGT
chr11,CAGAGCCCTGTGAGTCTTCAATTTCCGAGTTGAGTGACCTTTCACAGGGTCGCAGAATCAGCCCCAGCTCTCCCCCAGTCCTTTCACTGACTCCTCTCTGT
chr1,GAGCGGGAGCAGGCGCGGCACGGGGACCTGCTGCTGCTGCCCGCGCTGCGCGACGCCTACGAAAACCTCACGGCCAAGGTGCTGGCCATGCTGGCCTGGCT
chr22,GCTGGCTGGGCAGGGACACTCGGCCGGCGGGGCTGGCGGTGGTGGTCACTCGTTCCTCCGGCTCGCGGGGATGGGCCGAGGGCGTGCAGGGCCCGCAGCTC
chr4,GAGGAGGGGGCGCTCCTCGGGCAGGGATGGCTCCTCAGGTGCTTTCTGGGCGCGGAGCGGCGGAGGTGGGAGAGCAGCTTGGGAAAAGGAGCGCCCGGAAA
chr3,TGTTAAGCAGGTTATTAAGTTCCACGAACATTCCGAGCTCCTGGGACTAGCGCTCTGGAGGAGAACCCGGAGTGCTGCAGAGACGACGGAGGCTGGAGAGC
chr7,CGCGGGCGCGGGGCTGCGCCGTGCCAGGCGGTGGAGATCCCCATGTGCCGCGGCATCGGCTACAACCTGACCCGCATGCCCAACCTGCTGGGCCACACGTC
chr15,TTGTCTAGCTGCTCTTCGGTGAAGATGGTCTGCTTGTTCCCCATGGTGGCCGCCGCGCCGCCGCTCGCCCGCCCGGGCTCCGACTCCCATCAGCGGCCGCC
chr2,GCAGCTTTTGCCCTTCTCAGTTTTATTTTCTCACATCGTCCTAATATTAACGTTCACTGTGGTTGAATGAAAGACTGATAGATTACATTTATTTCTCAAAG
chr15,GCCCTAGGGATGTGTTGTGATGAACTTTTCCTACTGGTACTGTTTCCTCCCGCGAGGGAATGTCTAGACCAGCCGCACCTTCTTGCTTTGACCCTTCAGAA
chr3,AGAGAGAGGGAGAGAGAGAGAGAGCGCTAGAGAGAGGGAGCGAGCATGTGCGATGAGCAATAGCTGTGGACCTTACAGTTGCTGCTAACTGCCCTGGTGTG
chr4,GCGGGTGGAAGGTGGCTCCCGGGGCAGGGAGCCTGCAGGGCGGCTCACAGCGCTTCTGCTCTTGTGTGTGTGTGACCCCCAAAATGCCTTTTATGGTATTT
chr16,TGGGGAGGGCGTGGAGGGCGCCGAAGGGGTTAACCTCCCTGGGGCTGGACCGCGGGGCGAGCCCGGGGTGTGGAGTGGGGCCCTCCCCGCCGCGCCGGCCG
chr11,GAGGTGGCAGCGAGGAGAAGCTGTCCCGGATGCCCGGAGTCGCCCCGGGTCGAAGCCAGCCAGGCTCACCGCTGCTCAGCCCCTGCCAGCCAATGTAGCCC
chr2,GTCTACACCCTGTGGAGCTCAAGATGGTCCTGAGTGGGGCGCTGTGCTTCCGGTGAGTGTATGAGGCCCTGGTTTGGTGGTGTCCTCCGGAGGAAGTGAGT
chr17,CCCTCCTTGCCTCGCTCTCTCCGGGATCAGAGAGAGAGCGAGAGAGAGAGCGCGCGCAGGTTGCGACTGGAGGGCCTGTTGGGGCGCTAGGCAGAGCGCAA
chr15,CTTGATGGCGTCGTGGTCCTTCATGGGTACGGCGGGACCGGGGTTTAGCCCGCTCATGCCGACGCCGCTGTCCGCGGTGCTGAAACCCAGGCGCGGGCCGG
chr1,CGGCTGGTGGATACCTTCGTGCTGCACCTGGCGGCAGCTGACCTGGGCTTCGTGCTCACGCTGCCGCTGTGGGCCGCGGCGGCGGCGCTAGGCGGCCGCTG
chr19,GATCGCAGGCAGAAGCAGTACGGGGGAACTTAAGAGGGGGACTGTCAAAGCGAGAAATAGAAACCAAGACCAGGTGAAGAGCAAGAGTGGAATACAGGGAG
chr8,CAGAGGTACAGCTCAGGGAGTGTGGCTAAATCAGTCCCAGTCTCCAGCTCCGCGTGAACCTGGGATCCAGACATCTCCTGGATATCTGGCGCTCTCTGAGA
chr15,GCCCTGGGAGTTTCCTTGGCCGAGTGAGTCACTCGGGCTGGCCGGGAATGCGCCAGGAAACACTCGGCCTCCTCCCCTTCCTCCCGGGGCGGGGGCTCTCC
chr20,ATTAAGTCAGTGGTTCTGGGCTTGGGGTGCCGCACCCAGCACGAATTCCACGTCGCTTCCCCCTGGCCTCGTTGGGGACCCCTGCACCTCTCCGGTTCCCG
chr7,CCGGGCGTAACTGCACGCGCCCGTAGTCCCAGCACTTTGGGAGGCTAAGGCGGAGGATCACTTGAAAGAGAGAGAAAAGCAGCTACACATCTATAGATTCG
chr6,CGGCCACGCAGGCCAGGCAGACCACGTGGCCGCAGGACAGGTTGCGCGGGCGCCGCTGCTGCCGGTGGCCAAACTTCTCAAAGCACACCTTGCACTCGAGC
chr2,CATCTCTCAGGTCATATCCAACACACTGGGCCACCCACGCACAGGGACGACGCGACAGCCCTGTGGCTCCACCGCACAGGACAGCCACGACTGGCAATCCT
chr1,AGCACACCGTGGCTGCAGCCCAGCAACTGGCAGTAGGTATTTTCAATGGTCGGCAGGTACTCATGACGGAAGTTGCCGCTCGCCCACTTGTGCAGCAGCGT
chr7,GCCAATTTGCCCAGCGCGCTGTGCTCCGCGACGGCGCATGCCCGCTTTTGCGCAGGCGCGGGGACTACGGCGCAGGCGCGGAGACTATTGCGCAGGCAAGC
chr6,GGCAGGTGGGAGGGCTGAGGTGGCACAGGCTGCTCCGCCACCTCGGACTGCGGCTCCTACTCGGCCACTGGCCAGAGTCCCTCCAGCCAACTGCCCCTGGT
chr20,GGCAAATCGGAGTGTAAAGCCGCCCCGGATTGGCTGAAACACTTCCTGAGCGATTATCTTTGTGAGGCTCGGGTGAGCAAGAGCCATCCTGTGCATAGAAA
chr5,GCTGGCTCTTCTCCTCTCGGATTTTCGGGGTGCTCCCTTAGGGAATCTTTCGGTCCCATCTCAGAGACCCCAGAAGGGAAGTGTATTAGTGCGTTTTCACG
chr20,CTGCCACATTCATTCTTGGAGGTGAGTACATTTCGATCTTGGTCCGGCTGCGCAGAGAGTCAAAGCAGGAAAATCACAGATTCTTCCCAGCAGTCTACAGC
chr11,TTAAAGGAACTGGGAAGAGTTCTGACTCCTGTCCTTCTTCCTTAGGACTGCGAGTAGACTGTGAGAAAAACAGGTTTTCTGGACTTGAGATGTGTACAAAT
chr13,AGACCCAGTCAGTCTCAGAATAAGACGAGAAGCCGTTGGAGCATTTTGAGCGGAGATGACACCATGTGATTTACTTTCTAGCTGGCTTAAGATTTCTCGAT
chr3,TCCATGAGGACAGGCGTGAAGTTCAGGCTACATGCCTGGTACGTAATAGACGCTCTGACAGACATTTGCTGAATGAATAAGTTAGTCACTACGGCGTTTGT
chr1,AGGGGCGCAGCGCCCGGAGGGCTGCCCGGGGGAACCTGGAGCCCCCGCCCCGGGCCTCCCGACCCGCTCGCCCGCTCCGGCCTGGTCTGCAGCAGAGACTG
chr11,GATTTGATGCTGGTGCTTTTCAGGTGTGGGTCCTGACAGTGATGTTGGGACGGCAGCTAGCCAGACAGCAACTGTACCATGTAAACTCACTTCAGAGGTGT
chr20,TGGGGCGGGGAGGTGGTCCCAGCCTGCTATCACCTAGCTGGGGGCCGGGGCGCTTTGGCCAAGGGACGATAGCTTGAGATAAATGGGAGTGTGGGGACTCT
chr8,CGTGTAATCCTGTAGGAATTTCTCCCGGGTTTATCTGGGAGTCACACTGCCGCCTCCTCTCCCCAGTCGCCCAGGGGAGCCCGGAGAAGCAGGCTCAGGAG
chr4,GTGTGAGTGCATGGGAGGGTGCTGAATATTCCGAGACACTGGGACCACAGCGGCAGCTCCGCTGAAAACTGCATTCAGCCAGTCCTCCGGACTTCTGGAGC
chr11,CGGGAGGCAACATCAATGCAGTTAGCTACACGGGCCTGAAAACTGGAGGCCGCGACAAGCGTCGCTGAGTGGAGGCCCAGTAAGTCCCACCCACTAGGCCA
chr8,GTCTTGGGGGGCCTCTTAGCGCTGACTTGCAGCATGAGGCAGAAGCCGAGCGCGGAGAGCGCCAGCAGCCCCGGCCCCGGGCCCCCCCTGGCCCGCAGCCC
chr12,ACTGTGAGCTGGGAACTAGCAAGAATCAAAAAGCCAGTGTATGCTTCCTGCGAACCACACAGCCTGAACTGCTGTAGGGTGATGTCCCTGTGTGACAGACT
chr16,TAATATACATCCCTGCCTGTCATTATTCACATTGTGGCATGCAGTCAAAGCGACACTCTGAGGAAAATGTATCGCCTTAAATACATTGATTAGAAAATAAG
chr3,TCTCTAAACGTTAGCAAATACCATGGTAGGACACAAGGCCCCTGACTCTCCGCTTTCAGCTTACTGAAGATCCTCAAAACCAACAGCACACAGCTTCCAGC
chr16,GCGGACACTGACTCGGGAGGTCTGGGGTAGGGCCTGAACGTTTGCCTTTGCGGTTCTAACAAGCTCTCAGGTGATGGCGATGCTACTGTTCCCTGGCCCCG
chr19,CGACCGAAGGAGGAGAATGCTATTTATTTCAGCACCAAATATCCGGACAGCGCCTCTCGGGAGGTCCGAGAAGAGAACCGCGATCTGTTTCAGCACCGGGG
chr8,ACTTTCAGGTGTCAGAATGTGTGGCCCAGCCCACAGGGGCACGGGGAACACGCTCCGTACGGGCACCGCAGGCTCGGCTCAGAAATCCCCCGCCACGAGTG
chr12,TCTCTCCTCACCCCTAGCACTTAATCACAAAGGCCTGTAGAGAGTCCCGACGAGAACTTCTGAGCAGGCCCCGCTGTCAGTCCCTGAGGACAGCATGCAAG
chr1,TGCCCGCAGCGCTCGCCGTCGGGCTAGGGCTCCGCCGCCGCCACGCCTCGCGCCCGGCACTCACCGCCCCATGCTGGTGCACACCTACTCCGCCATGGTGA
chr22,CCGCCCACCCCGCCTGGAAGCTTTCTGATTTCTCTGTTCGCCCCGCCAGGCGCTGTGGGGTCCGTCTCACCAGGTCTGCACGTGAGCCCCCTGCCCCCAAT
chr6,AAATGTCCCTGAGAGCCGGGACGCGCTGCCTCCGCTGCCTGGAGGAGCTGCGCTGTCCTGCCAGCTAACTTTTGCCCACGGTTTCCACTGCCCGGGTGACC
chr19,CTCAACAGCGTGCTGGACTTCATCCTGTCCATGGGGCTGGATGGCCTGGGCGCCGAGGCCGCCCCGGAGCCGCCGCCGCCGCCCCCGCCGCCTGCGTTCTA
chr6,CAGGCGTGGGGCAAAGACAGCGGGGTTGCGGGGCTCCTGTCTGCCCGGGGCGTCGAGAGTTCCTGCCGCCCCCTCCCGCCTCATGCACGGAAAGCGCCGAG
chr5,GGAACGGCCCTGCTGGTGCCGGGAGCTTGGGGGGTCGAGGGCTTGGCAGCCGCAGCGCACAGGCCCCGCGCGGGTGGGCGGTCAGAGCCCGGGAACCGAGG
chr15,AATGAAGTGCCCTGGAGAAGCCAACTGGAGGTGGTGGCCCCGAGAGTAGACGCGGAGGGGCTGAGGCCGCAGGATCCTGGAGCCCAGGAGCTGACGGAGAT
chr7,ATTCCCTGGTGGACCCTGGAAGTTGTCCTTAAATAAATATATCGCTGGCCCGCGGTTGAGCAGCCACCTCGTCAGAGCAGCATGTGGACTGGCTCGCCGGG
chr19,GCGCTCACACTTTATCCGAAACAGCAGTGGGGCTTGGGTGCGGTGGCTCACGCCTATAATCCCAGCACTTTGGGAGGCCGAGGAGGGTGGATCATCTGAGG
chr4,CTAGGGGCGCGCCGTCACCAGAGACCGGGCCTCAGGCTGGTGCGGGGCAGCGGAGACCCAGGCTGCGGTCCCAGTTTTGGCCTGGGCTCTACCTCAAAGCT
chr15,AAAGTGCCTCAGGCTGGACGGTCCCCTGACCGCCAGATAGCACTTACCCGCGGCTCCGAACCACACCAGCAGCTGTCCCCAGCAGCCCATCCCTGTTGGGT
chr17,GCTGACATGTCACTAGGATTGGCACCACAGTCCACCTTGCCTTACTTCCACGCCCCCCGCTTTGTATAGCAATATGTTAATATGCTTAATTCAATTCCAGA
chr10,TTATCTCCAGCTCACACCTTTAAGTCTTATGTAGTTAAAGGACATTTATCCGCCTCCTTGGAGAACACAGCCCTCCAGTGTCTCCTGCAGCCTGGAGCCTG
chr12,ACCTGACTGTGTTACACAGGATGCTGCTCTGGTGCAGAAGTTTTGGCCATCGTATGCTTGGGGACAGACCTGGGCAAAAGCCCACAGAGGAAGTTGCCACA
chr10,CACTGGCTGGAACCCCTGGGGGCCACCATTGCGGGAATCAGCCTTTGAAACGATGGCCAACAGCAGCTAATAATAAACCAGTAATTTGGGATAGACGAGTA
chr14,ACGGGGGGCGCTGTCGGAGGGAGGGAGGAAGGGAGGGAGCGGGGGTGGGGCGCACAGAGGATTCCAACAGGAGACTGGAAGAGATTTTGAAAGGTCATCTC
chr11,CTCTCCGTTCCCTTGGAGTGAGCAAGCGGGACAGTTCTGCGGAAAGTTTCCGCCCCCAATCCCCCAGCCCTGCGCCCGGACTGAAGCGGCGGCCCCCACCT
chr21,ATCTGCCACCAGCTCCAAGCCTCATGTCCTGAAGTGCCACCTCATTCCCGCGGGGTGAGCCAGCAGCCTCTGAAAAGAGGAAGCCATTGAACAGATCACAC
chr22,TACTATTATTATCTCATTTTACTACTGTGGAAACTGAGATACGAAACTTGCGGAGTGAGGATTTGAACCTAGGTCATACTCTTGGCCAGCCAGAGACACCC
chr1,AAGTACTCACAAAATCTAATAGGCAATTCAACATAAAACTCCATGGCTATCGCTGTTCCTCACTTTCTGAACCTTTACCTGCCTGACTTTACTCCATACCA
chr17,GTCCTGGAAGACCGGGTCAGGCATTGTTTTCTTGCCTATTGTTCCAGTTCCGCGCCCCCCACCCTAAGTTGAGGGAGTTTGGGGAGAGTCTAGGGAGCAAT
chr11,TGTATCAGACTTAGTACAGGGGTGGGGTGGGGGTGTGTATTGGAATGATGCGTGCCCGTTTCTCTGCAAAATAGTTTCTATGTCATGGAAAGGAGTCGATG
chr10,AGAGAGAAGCGGATGGAGGCGGAACGCTGGCAGAGGACGTTGGTGGGCTGCGTCCCAGCTTCGTCAGCCCCACCTGGCCTGACCCCACCACACAGGGGTCG
chr6,TGGAGAGCAGGGCCGTGTTGCAAGGCTCTCTGGGTGGCCACAGCAGCTTGCGCTGCGCCCACATTGCTTCTGCGTGTTTACAGTTGGGCACGAGAAGGCTC
chr12,GTTCCTGGGCTTGCTGTTTCTGCAGCCGCTTTGGGTGGCTCCAGGTAAAACGGGGATGGCGGGAGGGTTGACCTCCAGCCCCACAGGAGGGGACCAGCAGG
chr20,CCTGGTGTGTCTCGGGCCGTAGGTGGCGACGTGGGCGAAGGATCAGCGTCCGCGCGGGCCGGGGGCGCAGCCATGGCGCTCGGAGGCCTCTTTGCGGGCCT
chr15,ATAATCCATCACTTGCTTTTCTAGTATGAATGGTCTATTTACGGGTCCAGCGCCCCTGCTGGCTTACGACCTTTTCCAGGGCGGGGAGGGGCTGTCCTCAT
chr1,TGCTGAAGGACGCTGGTTTTCAAACGGTAAGGAATCTCCTGATAAAGGCACGAATCTTGGTGTGCAGATAAGCCAGCGATTCTTGCTTCTGGCTAGTTCTA
chr3,GGGAAGGTAATGGTTTCAAGCTGCCCGGGCTGGGTTCCGAATCTCTAGGACGCCATGGCTGCGATCTCCTCGCTTTCCTGGACATCTTACCTCCGGATGTA
chr3,TGTCACCTTCCCCACCTCCCACCAAAAGTCCGGGATTTTCACGAGGGGAGCGTTTTATCTTTGGGCCCCTAGAAGAGTGCTTTGTAGTTTGTAGGTCCTCA
chr15,TCCCAACCGTGAGGTGTTGGGTTTGGGGGACGCTGGCAGCTGGGTTCTCCCGGTTCCCTTGGGCAGGTGCAGGGTCGGGTTCAAAGCCTCCGGAACGCGTT
chr3,TCCGGTCCCTGAGGATTCGGAAACTCCTGACGCAGCTAAAGTGAATCTGGCGCTGAGATGCCCCCTCCATGGGCCGGACGCGGAGGGAAGGGGTGCCCAGT
chr15,AAGGGAGCTATTGAAATGTCAGGATGTTCTAAAACACTGCCACCTTTTCACGTGTAACTTCAAATTGAGTTCCATCTCACCTCTCCAAATGTGACCCAGAA
chr7,GGCTGCCTGCCTACTTGTGCTTGATTGAAGTGGCGGTGTAGTTGTGGTGGCGCGAATCAGCGTCCAGCAACAGTTTGTGGAAACTGTGGGTTTGCTGAGTA
chr3,ACTGTCACATACACAATCATATCCACTGATAGACTGCACACGCAGTGGCACGCTTAAACCGTCACACGTGCTCTTGTCCATGCATTCATTCCCATTCTAGG
chr2,CGAGGGCCTCACCTGTGGGTAGAGGTGCTGCATGAACTGCTCCCGAGAAACGCCCTCCAGCCGGGGTACCGGGAGGTGCTGCCCGGCCATGGTTGCTCACG
chr3,CCGGCACGGCGGCTGCTGCTGCTGCTACAGCTCCGGACGCCCGGGCCGCGCGTGCCTGCTCCAAATCCCCGGGAAATGCCTGACTCATACAGGAGGAAGAG
chr9,TCACCCTTTGCCTTACAACATGTAAAACGGTTATCAAATGCCTTTTAGGGCGGGATTTATCACTAAACTGCTCCAGGTTTGGACTATAGAAATGCGGCTGT
chr17,AGTTTCTCGGTGGCAGCGAATTTACTGCCAGAGTCTTGTGGCATGAGATCCGCGCAGGCCTGGGGCCCTGGCCGGGAACCCCTCACTCCCCAAACGTCCCA
chr10,TACTGGAAGTCCCAGGAGGAATGCCCAGCAAGTGGAATCCAAGACGTTCTCGCCTTCTCGGGGACAGGGCCATCACCAGGATTCGGAAAGGAACAGGGAGG
chr5,GCTAACTGATCTTATCCCTTGGGCCGCTGTGGCACAGGATGAGTGAGCTACGCCTGGTAACAAGAGTGCCACTCTCGTGTAAGGGGGCTGCGAAGTAGAAA
chr6,GCTCATCTAAGGGCGTCTCCGGACTGTCGCCCACCCCACCATCCTCCCTGCGCTGGGGGTACTAAATCCCGTGCAAAAAGACCTGGTCCATTCCCAAGACT
chr3,GGCCTTGATCGTTTTCCCAATGCCCCCGAGCCTGTTTCCTGCCAGTAGAGCGGGTCAGATGTTGCCAACCTCTGCAGAGTAGCAATAAGCAGTAAACGCCA
chr7,CGGAGGACTGGCAGCTGCAGATGCTGGAGCAGGCCAGCCTGTGGCTGGGCCGTAGCTTCCTGCTGGCAGGCTTCCTGGTATCGAGCAGCTGCCCCAGCCTG
chr22,CCTCTCACTCTGTGCCTCTTAGTTATCTTGCATGCTCTGGTCTTTGCATACGCTGCTCCCTGCACCAGGAACCTCCATCCCCATCTTTGTCTGCTTGTCGA
chr17,CAGCACCCAAGGCAGCGCCTCCAGAGTCAGAGCCAGGCCCACAGCCGCCGCGGCCGCCACCTGCCAACTCAACCGTCCCATGCCGCCGCTAATCCGGGACC
chr2,CGCGCAGTGAGTTTCCAAGATTCCCGAGGGATCTTCAACCCTGTAGAGGGCGCCGCCGTGCGCGTTAGGGACCCGCGGGCGGAGACTGCACCTCCGCAGCT
chr17,GCCCTCGATAAGGAAACACTCCGGCCATATCCGGAGAATCTGGGGAGCGGCGGGATAGAAAAATTCACTAACCACAGGCCCGGGCCCACAAGAAGCGCAGC
chr4,TGTCAGACATGGTTGCGGAGGAAAAGCGGAGCGAGGCGCGCGAGTACGAGCGAAGTCTGGTCTGCGCAGTGGCCACCACCGAGTTGTCGCCATAATATTTT
chr3,TTCCTGGACAGAGGTCCTTTGGCTGCTGCCTTAAGACGTGCAGCCTGGGCCGTGGCTGTCACTGCGTTCGGACCCAGACCCGCTGCAGGCAGCAGCAGCCC
chr11,ATTTCATTTGACGACCATATACAGGCCTAATGGGAGCCTGCAAAGTACAGCGGCCGCAGTCATGGGTAGATTACAGGATTCCCATCTGTAAGATCAGTACT
chr16,AGAGACTTGATTGGGCCATTCACGCCTCAGGATGAGGACTGGCCAGTCTGCGCCTGGAGGGCGGGCCGGTCCCGCTGATCACGTGACACGATTTTTGAAAG
chr1,AGAGGAGGACAATTCAAGAGAGCACAGAGCTGCGTGCATTCTCCCTGTGCCGCGACCTGTATCCAAAAGCCTCAGACGAGACTTGAGGAGCTTCCTAGAGG
chr20,GGTCCCCAGAGCAGGATTCCTTCCGGCGCCTGCGCCTGATCACCGCTCTGCGCTTGAGCTGATAAACTCAGCTGATGGGATAAGAGTCTTGTTTTATCGGA
chr9,AACTCATTTTATCCTTACCACAATCCTATGAAGTAGGAACTTTTATAAAACGCATTTTATAAACAAGGCACAGAGAGGTTAATTAACTTGCCCTCTGGTCA
chr1,GTTCTTTCTCTCCTGTGACTTTGGTGAAGTCTCTCACCACTCAGTGTTGTCGTGAGCATGCTAGGCAGAGTGCAAGAAAGGAGCAAGAACTCACTAATGGC
chr19,CCAGGTGGTTCAGACTCCATAAACTCTGCCCATTCTCCAGTGAGGTGGACCGAGGCAACCCCTCAAGTCCTGTCCCTCCCCATAGTGACGGCTCTGTAGCC
chr12,ATGGGGCAGGTTCCCTAACAGTCAGGATTCCGGTTGCAGTTTTTCTCCCCCGCCCCAAAGATACGTGGTTGCAGACGTAAGTAACAGGAATCCATCTTTCT
chr5,CTCAGCCGCTGCCACGCTATTTAAACGCGGGCTATGGATCCAGGAACCGGCGCGAATCAATGAGATCAAATGCGAGGGAGATGCACCGTCAATTACAAACA
chr11,CAGTCGGGCCAGAGTCCAGCTCAGCAACTCCGGGTTACAGGCAGCCCAGGCGGGCCTAGCCACCGGCAGCTGCACTCAGAGGCCACTGTGTCCTGGCTGAG
chr8,ATTTTGTGATTAGGATGCTCCATCAGTTTCTGCCACCAGCTTGCTGGAGACGCTGCGTGTCCCTGACTCCTCTCAAAGGGTGAAAAGCTCAGTCGCACCCG
chr22,AGTTTTGCATTTCAGCAATCAATTTCAGCCATTACATTTGCACCAATCAGCGCCGCCCAAGTTCCGGGCTCGGGGCGGGGCTCGCTCTTAAGGTGGTCCGG
chr3,ACCGAGGCACGTGGACTGCAATTATGCATTTTCATTGGTCCTCAGGATCACGCGACAGGAAGTATTGCGTAACCGGTTGACTGCCACATGCGCATTGGCTT
chr16,TTGGCCTGGAGACCCTTTGTCCAACCCGTCGCCCACCTCAAGACCTGCCTCGATGCTGCGCATACAGTAGGTATCCAATAAATGTTCCTGGGATAGAAGGC
chr14,CGCGCTCCAGGGCCAGCCGGATCTGCGTGGCCGCATCCACCAGATAGTCACGTTTTGTCATGTCAGGCACTCCCAGAGCCACCCTGTTGCGAATCTGCTCC
chr18,GGGGCGGCCTCTCCCCATCCCCGTGTAGTTCTCCGGGCTGAACCGTTGGGCGCCTATTTGCAGAAAAGGCAGCTCCTGAGCCTCAAGACAGACTCGGGGGC
chr13,TAGTCCACAGGGGAGTAGTGACTACCCAGGGCTTGGTAAGTGCTCAGTAACGTTTGTTGAAAGATGAATCAATATTTCAATGCTGGGGCAAAGCAGTGAAA
chr17,TTTAGGCCGGCGATAAATAATTCATAGGGAACGTGGCATCAGGCTCCCCCCGCGGGAGGAGGGGGCGCGAGCAGCGAGAGCCACCGTCACCCGCGGCTCAA
chr9,GGGGTTGGGACTGAGGTCAGAGTCAGGGGTATCAGGGGTGGGAGCTCACACGAAAGCCTGGAGGTGACAGTCCCCGTCAGCCTCCTGCAGTTCCACCTGGA
chr1,CTTTCATCTAGAAGGTTTGACTCTGGCCAGACAACCAGCGAGCATCTTCTCGCAATCTGTTGCTTCTTCCATGGCAAACTCCAGAGAATTAAGAAGCCAAA
chr1,GCCAGGGGAAGTCCCTGGACTTCTTGCTTCTTTCGTGTAGGACAGGCTGTCGAAACCTCAGTGGATAAAAGACCTAGAGAATGTGTATCCCAGAAGAAGCT
chr1,TGGAGTTTGGCTGGGGCTGGGTGCCCAGTGGGCGGGCACAGGCCCCTTGACGTGGCTGTGGCCTAGCTGGCAGCCTCGTCCTTCCTCTCCGCTAGGCGGGC
chr5,AGGCTGAGATTGTATGACTCCCAGCCACAGTTTGCTGGGCAAGATACTGGCGCCAGGAGGTGGTGAGATTTGTCTAAGGTCACACATGAAATCCAGGATAG
chr6,TCGAGCTTAGGATAACTTCAGGTTCAGCTGAGGCCTCTGAACTGTGACTCCGCCCCGTGGCCGCATGCGTCGGAACTCCTACCTGCCCTTTGCCCTTCTCG
chr6,AGATTACCAGACACGACGCAGCTGGACTTGTCTCATGCCTGCGATAGGGACGGCCCCCACCCTGACTTGCATGGAACAGTCGACATAATGTGGCCTACTGC
chr19,TGGAGGGTGGGCGGGTTATCTGAGGGAGTCCTCGGAGGGTCGCCCCCTTGCGCGTCAGAGTTGCTGCGTGGGGTCTCAGAGATAGCGCCTGGGCTGGGGAA
chr9,CTCCATCGAATCTTCTTTCTCCCCATTTCCACGGAGAAAAGCCCTTAGTTCGTCCAGAAATGAGTGATGAGGCAGCTCAGCCTCTCTGAGAAAGACCTGGG
chr1,AATCAAGAATTACAAAAAAATCCCTTAATAACAAGCAAATTCCTAACACACGTTAAATATATCATTTCTCTCTTACTAGACATAGCATGACACAGTTTAAC
chr2,GTTCAGAGGCTGGTTTTACAGGTGAAGAGAAGAAACAGCCGCAGAAGTTGCGATTGTCCAAGGTCACTTAATAAGTGGCAAGAATTAGGATGTTAAGTGTT
chr17,GCTGCGTCCTGATTTCCCCAGGGACGCAGGCCTGGTTGGGAGAAGGGGTGCGAGCTCCGATTCCGGACTCTGCTTGGGTTTAAAACCCAGATTGAGGGCTG
chr3,GATGCCAGACATTGCTCACTTTTTCCATGTAGTCAATGTCAGTCCTGCAGCGTCAGCTGGGATGGGGGTAAGGACATCTGGGAACCCCCTCTTCCTGGTCT
chr3,CTGCGCCTGTCCAGCCAGCTGCTGCCCGAGCTCTGTACCTTCGTGGTGCGCGTGCTGTTCTACCTGGGGCCTGTCTACCTAGCTGGCTACCTGGGGCTCAG
chr3,CGTTTCTAGTCCTGAAACATGGTTAAGTGCTTGCCTCCTAGGGCCTCTGCCGCAGGCTTTTGGTTTGGAGGCTCTCCTTTGCCACTCCACCCCTCTCCACT
chr18,AGTTCGCCTAGGAAAACTAGCAGTTAGTGAAAAACTGGCCACATCACAGCCGCACAGCTCCAGCAGCCCGGGTAGCTTCCCCACCCTCACTTTCTCCAGCC
chr10,GGCATCCACGGAGCTGGGTCAGCAAACATAACACTGGTCATCTGAGCCTGCGCCCGCCCTTCCTCCCAGGCCAGGGCGCCCCCACCCCCTGGGTTTTTCCT
chr22,GCCGCGGCCACAGGGCCAGCCGCACAGTCGGAGGAAGGGCCGGAGCGAGGCGGGGCCCGGGGCTGTCAAGGAGAAAAACATCCCAAGGCCTGCAAATTGCT
chr12,CAGGATGGAGATATCCGGTGCACCATGAGTTCTGTTTCCTTAATCAACACCGTTGTAACTTGCCCATCCAGTTTTGTGACATTAATTCAAACCTGTGCCCT
chr11,GAGCTGGAGCAGCAGTTTGACTTCTTGAAGGACCTGGTGGCATCTGTTCCCGACATGCAGGGGGACGGGGAAGACAACCACATGGATGGGGACAAGGGCGC
chr15,ACATGATTTGCTTACAATACTTGTCTGTCTTGCCTTCACCAGAATGTAAGCGCTCTACAAAGGCAGAGGGAAGGCTATCTTGCTCTCTGATGTATCCTCCA
chr7,ACACTGCCCGGTCGGGCCTTTGGGAAAAAATTAATGAAGGACACAGTCAGCGCCGTAGAACCTGCCAAATACACATCAGATCCAGTGGAGTCTGTGAAGGG
chr19,GGATCTATCTTTCTGTGTCTCTTTCCCTTGCTGATTTTCTGTCCATTTCCCGCACCACCACTACCACCAAACCCTCCTCCCGCCTTCCCCCACCCCTAGTC
chr3,TGGTGGTTTTCACTGTTCTGCCATGGTGGGGTTCTGAAGACCAGGCTCATCGTACTCACCTTGCAACACCTGCCCCTCTAATCCACACTTTTTCTAGAAGC
chr7,CCCAGCCTCAAGGGCAGAACATTTTAAATGACCCACCCATCCTAGAGATGCGCCAGTTAGGTCATCTTATATATCTTGAGATAGCTGAGATGGTCAGATCA
chr8,CTATAGCATCCTGGCCATATCCAGTTTTGAAAACACTACGGTGTCAGCCACGCACCATTTAGGACGGGGAGAATGGAAAGCCAGTTTGGAGAACAGACGCT
chr8,CACATTCTCAGCTACTTCTGCCTCCTTGAAAGTTTCTCATGATGAAATTTCGCAAAATTGTAACTAACATAAAAGATAACATTATTTTCCCCATGCTGTGG
chr3,TTTTAGTTTGCTTAAACTGTGTGGGTACTTGAGTCCTTTTAAACGATTAACGCTGGGAAGAGGCACCATTTAATTAATTAATTTGTTCTGGAAGGGATCAG
chr20,CTTTCCCCTTTTTTCCCATCCCTTCTTCTTGCTCAGAGAGGCAAGCAAGGCGCGGAGCTTTAGAAAGTTCTTAAGTGGTCAGGAAGGTAGGTGCTTCCCTT
chr16,GTCTTGAGCGGATGGTGGGGCCGTGGAACATGAAGGAGTATCTTTGTGTACGTTCACAACGTTCACATCGGTGTAGGCCAGGTTGCTGGACTCTGACTCAA
chr11,GACTTGCAGTCAAAGCGATTTTTAAAATGACTTGTTTTCAAGCCTCTGGCCGCCGCCCACTCTTCTGGCCCTTGGACTTTGACCAAGATGTTTTCTCGCAG
chr6,CGGCCCGGCGCCCACTAGCCACAGGGCCCGCTTCCCCCTGGAGATCAGCGCGCACTTCCCGAGCCCTCGTAGCACTCAGAGGTCGCATCCACACCTGGGAT
chr1,CTCCCATTGGCTGCAGCGGGAAATGGTGAACCAATGCTCATAGACCTTAACGCCCTCCTCTCGGGATCACTTCCGCCTCTGGGGTCAGGCTCCGCCCAGCT
chr16,GGCGGCAGTGAGGTCGCCGCAAGGCTTCCCGTGGACCCTGCAAAACGTGGCGTGGGCATTGCACACCATTGTACTGTATGGAAACTTCTGCAGAGGTTAGC
chr6,ATCAGGTTCTCCCATGTACTTTTCCTTTTAAAATTTCCAGTGGCTCATTCCGTTATCAGTAATGAGTAATTGATTAGTGCCAACTGCCGAAGGACTTAGTA
chr14,CTAAGTAATTCTGTAAAAATGTCTACTTTCTCATTACAGTAAGATGTTTTCGCAGAGTTAACAGTGCTCTGGTGTAGATAACCAAGACTGCTTCTGTAAAT
chr1,GAGGAGGCCCAGGCCGTGGACCAGGAGCTATTTAACGAATACCAGTTCAGCGTGGACCAACTTATGGAACTGGCCGGGCTGAGCTGTGCTACAGCCATCGC
chr4,GTCCCAGTATTTGCTAAGCTATTGCTTTAAAGACACCCCATTTCTTTACCCGCCTCCACCAGACACGCGCACACCCTCCGCTTTGCTGCTCCATCCTTTTC
chr9,AGCAGCCCACGCCCGGGTGGGCAGGGTCCCCCGGGGCTGTATGAACAGAACGTCAGACCTGGGAAGGCCCCATTCCAGAAATGGGGCCCCTCACTCTGGCA
chr17,GGCAGTTACTAGAGGTCTTGGAATCCAGACTTCTTTGCTTTCGCCATCACCGTCATCAAAGTGGGAAATGCACACTTACTGTTAAAACCTAGTGTAGGGCC
chr4,CACTTGTTCTGGAGCTCCTCTGTGAGTTCAGCAATGGCCACAGTCTGCTTCGACAGCTGCTCCCGCAGCTCCTTCAAATGGTACTCCCGCTCCTGGATCTC
chr16,TCCACGCCCGGCTTCCCCATGGCTGCTGCTGCCACTGGCACTGCTAAGTGCGTTGCCAAGGCCTCTGTTGGTCCCAGGTGACTCCCAGGGCACCGCCCACA
chr3,TTAAATTGCTACAGCAGGAAATTACTGAACTGTGGCTCTTCTCCTACGTCCGCCTTCCCTATGTCAATTCCCATTTCCCTTGCTTTCTCCAATAGTTAGGA
chr21,TTAAAACTCCCTCAACTTTTAAGGCCGAGCAACATAATCTATTAATTGGTCGCTATTAACATGCAGTTTTATTGACCATAGCACACAGAAGTCTGATTGTG
chr10,CCAGCCTGGCGCATTGCGGGCCTCGGGCTCATTGCTGAGAGGGGGCACTGCGCCTGGCACCTCTGTTAAGCAATTTAGGGGCTACAACCTGAGCAAGACAG
chr15,TGTTTCCTGGTACCTGTCCAGCCCTCTGAGCTTTTCTCTCAGCTTCCAAACGCTGCAGTTGAGAACTAGCAGATCCTATTGGTAGTGCCCTGTGGCCCACA
chr18,AGTTCCTTGGTGTTGCTTTGGCATTGATGCCTGAAGTGGGAGGAGAAAGCCGAGCCCACAAACACACAGAGCAGAGTGGGGCTCTGAGTATATAACTGTTA
chr17,GTGTTATTAACCCCCTATTATCTTTGGTCTACCCAGGGCAGCCAAAGAGGCGCAGAGAAGAATGACAAGGTGCCCAGCAAGCGGCAGGATCAAAGCCTGGG
chr1,TAATTTCCGCTTCCGGTAGTGAGAACCCTTCCGGTGGGCTAGGTACTGAGCGCGCGAGGTGAGGAGTTGTGCAGGGTTTGGGGAAAGGAAGGCTGGCTTGG
chr7,CTGCCTGCCTACTTGTGCTTGATTGAAGTGGCGGTGTAGTTGTGGTGGCGCGAATCAGCGTCCAGCAACAGTTTGTGGAAACTGTGGGTTTGCTGAGTATG
chr3,GGGTCAGATGTTGCCAACCTCTGCAGAGTAGCAATAAGCAGTAAACGCCACGCTCTGCACAGCCTCCCAGTGCTGGGCCTGGTCGCCACGCGGAGCCTTGG
chr8,CGTGAGAGGTAAGCATGCTGGCTTCTACTGAAACGCCCCTTGTCATCACACGCCCATCCCCTGGGGCGACACGACCCAGGCCCCGCCCCTCGGGGGGCTGC
chr1,GCTTGGGAGGCAGCGGCCACGACAGCCAGCAGTGTGGTCAGCAGCTTCAACGCGCGTACCGCCATCGCTCCCTCAGACCTAACGGAACCGCCAGCCACCCG
chr1,AGCAGCAGCGAAGACAGGGGTGTCAGAGTCCCCAGCATGGCGTCCGTGGACGTGCTGCAAAGAAGAACAGAGAAAGTCATCAAGCCAGCCCTGGGTGGTTT
chr1,TACCCAAAACAGTATGAGTGGGTCCTCATCGCAGCCTATGTGGCTGTGTTCGTCGTGGCCCTGGTGGGCAACACGCTGGGTAGGTCCAGGGCTTGCCCGGC
chr5,TGCCATCGGAGCTGGCATCTCCAGCTAGAAAATGGCCAGTTGTTCTGATTCGTAGCTCTCCTAGTCAGCTTCCAGTCCAGGGCAGAGGGCAGGGACTGCTA
chr16,TAATAATGGTAGCAAGCAACGCTCTGCAGTAGGGGCTTCTCTCGCCATTTCGTACTGAGGAGGAAACATACTTAAGAGGTTACAAAACTTGCACCAAACAG
chr12,GCTGCTTCCAAATTAAGCATATCTGGATGGTGTGACACTTTTTGTTAGTCCGAGAACTGTATGGGCATCGCAACTGGGCCTGTTCCAAGATAGACTTGTTG
chr9,CGACTGTGTGTTCAGAATATAGCTCTGATGCTAGGCTGGAGGTCTGGACACGGGTCCAAGTCCACCGCCAGCTGCTTGCTAGTAACATGACTTGTGTAAGT
chr17,ACCACCTTTCACAAAATGAGGCCAGACCACCTGCCTCCCTCCAGTCCCTGCGGCCTGGAGACGGAGTCAACATTCTTATCTGTGTTGGATCTGAATGTTCC
chr22,GAGCGTCCGGGGGCCCATCTCTCTCGGGTGGAGTCTTCTGACAGCTGGTGCGCCTGCCCGGGAACATCCTCCTGGACTCAATCATGGCTTGTGTGAGTGTG
chr16,TTATTTCCATTGGACAGCGCTGGCTGAGAACAAAACCTAACCCTCTGTGCCGCCCTCGCGGCCGGGATGCGGTGCGCCCCGGGCCTCCCCATTCGGAAAAC
chr11,AAGGCCATAAGGATGCTCACACCCGAATCTAAAAAGCCCTTTGTGTGGGCCGCAGCCAAGCATACTTTGGCAAGAAATTTCTGTGGCTCTAACCTCCTTTG
chr1,GAGGGTGGTTCCGGGATTCACAGTGCAGAGGCGGCCAGAGCAGTGCACAGCGCCCCGAGAAATGGGCCCGGATTCCCTGGGATTGAAGGGAAACATTTTGG
chr8,AGGTCACAAGGCAGTGGCAGGTGTCTGTAGTCCTCGGGTTGACTGCAGCTCGCGGTGGTCCCTCTCCGAGCCCAGGAAGCCACTCCAGTGCCGAGGGAGAG
chr11,CCAGTCCTAAAGCTACCTGGCTTCTTCCCCGGCTCAGGCATCCTGAGAGACGTCACACCAGGCACGAAGCAGGCACAGGTCACCCAAAGAGGGACTGAGTG
chr19,ACACCCCAGAGGCAAGGTGAACGCGAGGGCCTATAATGCAAGAACCAAGGCGAGTCACGCCCTGTCTGGGCAAAAGAGGAGTAAAGACCCCTCAGCTGCAG
chr5,CAGGCGCGGCCCCCGGTTCAGCTGCGCCGGGGCGGCCCAGCGCGACTCCGCGGGCCTTTTGGCTGCTCGCCCCGGCTCCGGAACACTGTCAGATCCTTCTC
chr7,TCTCACCAAAGTCCAGTAGCTGCTTCATGGACAGCGGGGACGGGCTGTAGCGCGAGAAATGCTCCACCTCTCGGGGCACCAGGCCGGCGCCGTTGAGCGAG
chr19,TTATGTCTCTGCAGGTCTCGTGTTTCTCTCTTCCAATCGGTTGTCTTTATCGTGGACACTGAGGTGTTCTCTGCCTTGACTAAAGATGAGTGACGTGAATC
chr5,GGGCCTTTCTGGCTCTGGGAATGAAGCGTGGAAAACCCTCCTTAGGCGGGCGCAGTGCTTCAAGTAGCCAAGCTCTGACTTCCGAGGGAAGAAAGGAGGCC
chr19,ATGGACATGATGGTCGCGCTCACTCCGGTGCAGTGAGTGTCTGGGGTGAGCGTCTGCAGCAATGAGGCCCCAAGGGAGGGCGGTGGGGTGGCTCGGGCACT
chr3,GCCCCTGGTCCTCGCGCTTCCCAGGGTAACCTGGAGCAGGGGTCCCGGAGCGCACTCCTGGGGCTCAGCTCAGCTTCACTTACCAGGGTCTGCTCGTACTG
chr11,GGGAGTTGCTGGAGTCGGTGCTTCACTCTTAAGGTTCCGATCACAGACTGCGGAGTGGGTCAGGGGCTGCGAGGGCTGCCCCAAGTCCTACCGGGTTTGCA
chr16,ACATGGCTTGGAAATTAACCTTTAACCAAACATCTTATAAGTAACGCCAGCGCAGCTTCCCTTGTGAATGTAAAGAGATCCAGGGCTCTTGGAGAGGGACA
chr4,GGGCTGTTTTGTAAATATTTGTCTCTATGTAAGGAAATCAAAACTGAAAGCGGAGTAACACCAAGTATGCCCGTTTCTTGAGCTCAAGCACTGGAAGGATC
chr22,CATATTTACAATAAAAGGGGAGCGAGGTGGGATGGCGCTGAGGATCCCTACGTCCGATCCTAATCTCCAGCTCAGGCAGGCTCGGCCGCCACTAGCATCCT
chr3,TGACCACCAGCCTCCCGGCTCTGCAGTCGGCGCCCAGGCCGGCCGCTTCGCGTCACTTGACTAAGGACCCACGGCCTGGCACCGCCCCTCGTCGGCCCAGC
chr1,AGCTCTGACACCAATTAGCTGTGTGATCTTGGGCAAGTGACCTAGCCTCGCGGAGCCTGGCTACATCATCTGAAGAGCTGGGACAGTACTAGTGCCCACCT
chr14,TGGCCCTACCATGGCTCTTCCCCAGCATCTCAGGGAGTATCTACCTCGTGCGAGGACCAGGCTTGGACACCAGGTCCCGATTCCATTGTCATCTTGGTGGA
chr8,TTGCAGCCCAGCTTTCAGATTGCTCCTGTGCCGGAGCCCTGCGAATCATGCGAATCATGAAACTGAAGACCTGGCCCTGAAGTCCCAGTGCATATGAGGAG
chr9,GCTGTCTTTGTACTCTTTCCTGTGAATTGCTTTTTCCCTTTAACTTCCATCGTAGCAACTCTGGAAAACCAAAACCAAAACCAAAAACAATCACTGCAGTT
chr15,GTTCTATTTAATGGACATGAGATAATGTTAGAGGTTTTAAAGTGATTAAACGTGCAGACTATGCAAACCAGGCCCAGTCTCCAGTGTGGTACCGTTGCTCC
chr20,GCTATCCTAAAGGTGATTTTAAACCGGGGTAGCTAGAGCCCAAAGAAGGGCGAAACCAGGACTAACTGCCCCATAGCATGAGGGGCAGCGCCTGTAAAATT
chr11,CGTGAGTCACGGACAGAACATGCAGACTCAGGCCTTGGTGACATAAGCTCCGCATTGCTAAAACCGCGTGACCTCGAGGGCTGACTGGCCTGAGAACCCTG
chr5,GGAATGTTCCGGAATGCCGTTAGGTGTCGAAGTGGGCAGCGGTTGACAACCGTGGGCCTTTGACAGTTACTAGTACTAAACATCGATGCCGATTGTGAGTT
chr22,GCAGGGTGTGTGGGCTGCTCGGCCTTGGCCAGCATCAGGGACAGCTCTGGCGCCCGGTCACTCTGCCCCCTACCCGCGGCCTGCTGCGGGCCAGCAGGGTG
chr3,TCATTTGAGTTGAGTGTGAATTGTTTAGGATATTGCAATTAGAGGTGGTGCGGGCTGGCTGGTTGCTATAAGCCATCTTAACATTTGGCTAAGCTCACTCC
chr3,ATGATGGAATGATTGAAGGCTGAGGGAGTATTACAAAATTAGTAGGTCAGCGCCTCGTGTCTAAAGGGCTCACATGCAGCATGAATGCAGGAAGCTTCTGG
chr2,GGTTAGTGAGCACCTCCTCTTCTCTGGGAACCTCTAGAACTGGGAGGACACGCCCCCGAAAGGGTGTCCCTGAGCCAACGTGGGACCGCGAGTGCCAGCCC
chr17,GGTTGGGGGCTTTGCCTAGGGGAGCCTTCCCTGACTCCTCAGGCTGGCCGCGTGGGCTAACACACGTAGGCACAGCATTGAGCACACTGTTTACTCTTGGT
chr17,TTCATATTTTGCACTGTCTTTTCATGATCATTTGCATCCATTAGAGACCCCGCATCCTATTGGCTTCTTCGTACTCCTCCCGGACAGAACGCAGAGCGAGG
chr1,TCCCTCTCCCCCCGGCCGAGGTCTGGGAGATGAGAAGGGAGCGCGTTCCCCGGGAAGGGAGCCCCCCGCGAGCCCCAGCCGGCTACAGATCTGGGAGGGAG
chr17,ATGCGCCCGTCTCCACCAAAACTGAGAAAGCCGCCGGTCACCTACGCCCGCGTTTCCCGTGCACCACCTAGCCGCTCCGCATGGCGGATCCAGCCAATCAG
chr22,AGGGCTTTTGTTTGTTTGCCGGCTCCTGCACATGGCTGCTGGGACTCAAGCGCTCGTGTTGTCTGCGCCTCTGTGGGACTCTGGGGACGGGAGGCAGGGGA
chr19,GGGATGAATAGCAGACTGCCCCGGGGCAGTTAGGAATTCGACTGGACAGCCGCGTGGGAGGGAGTGCGGGGAGAGGCAGAGTTGTTTTGTTATTGTTGTTT
chr3,GTAGGAGACCTCCGTCTCCACAAGTAAAATTAATTAGCCGGCTGTGGTGGCGCGCACCTGTGGTCCCAGCTACTCAGGAGGCTGAGGTAGGAGGATCACCT
chr11,TGGGTTTGTTAGGGGGAGACCGCTCTGCCAATACTGGCTTTCCCATCGCCCGGCCATCTGCAACTGCCAGACGCAAAGTGAGGCTCGTCCACCGAGCCCCA
chr6,AGGACAGGCATCTTTGAACCTATTTCTGGGAGTTCTGAAACTACTGTTCTCGTGGGCCTTGGCGACTGATTTGGGAAAGCTGACCCTGGGTTGGCCTGGCT
chr16,GGAGGCCTTCTGCATGGTCCCGGGAGGTCAGGCAGCCCGGGAGGGCCTCCCGGAGCAGAGGCTGGAGTCAGTCCCAATGCCAACAGTTTCGAACCTTGCCC
chr19,GCCAGGAGACGGTGGCCAAGGGACTTGACTTTGAACTACCAACAAGCTCACGTTTGGCAGCTGCAAAGACAAAGGCTAGACTTTTAGCAGGTTTTTGGGGG
chr1,CTGAAGACTGCGAGGACCCAGCTGCCAGGCGCATTGTGAAGTGGCCCGAGCGTCACAGGCGACCCGGACCTCGGGACCGGGGGGCAGGGCGGGTGTCTGCA
chr21,CTGGGGGCAGCCGCACCAGTGGACACGGCGGGGTAGGATTAAAGTTGAGGCGTGCTCACAGACACTTGTCTGGTGTGAGCCCTTGGCATATAGATGGCTGC
chr19,GCCAGGAGACGGTGGCCAAGGGACTTGACTTTGAACTACCAACAAGCTCACGTTTGGCAGCTGCAAAGACAAAGGCTAGACTTTTAGCAGGTTTTTGGGGG
chr1,CTGAAGACTGCGAGGACCCAGCTGCCAGGCGCATTGTGAAGTGGCCCGAGCGTCACAGGCGACCCGGACCTCGGGACCGGGGGGCAGGGCGGGTGTCTGCA
chr21,CTGGGGGCAGCCGCACCAGTGGACACGGCGGGGTAGGATTAAAGTTGAGGCGTGCTCACAGACACTTGTCTGGTGTGAGCCCTTGGCATATAGATGGCTGC
